Workbook

Sheet รายการสั่ง
A1: ลำดับ | B1: คอเสื้อ | C1: ไซซ์ | D1: ชื่อบนเสื้อ | E1: ทีม | F1: ตำแหน่ง | G1: สีเสื้อ
A2: 1 | B2: คอกลม | C2: S | D2: FIRST ♀ | E2: muzik.scroll() | F2: Crew | G2: ดำ
A3: 2 | B3: คอกลม | C3: M | D3: FASIA | E3: CANET | F3: Crew | G3: ดำ
A4: 3 | B4: คอกลม | C4: L | D4: BIW | E4: muzik.scroll() | F4: Crew | G4: ดำ
A5: 4 | B5: คอกลม | C5: L | D5: THORN | E5: muzik.scroll() | F5: Crew | G5: ดำ
A6: 5 | B6: คอกลม | C6: XL | D6: BAM ♀ | E6: CANET | F6: Crew | G6: ดำ
A7: 6 | B7: คอกลม | C7: XL | D7: SUNNY | E7: CANET | F7: Crew | G7: ดำ
A8: 7 | B8: คอกลม | C8: XL | D8: OHM | E8: muzik.click() | F8: Crew | G8: ดำ
A9: 8 | B9: คอกลม | C9: XL | D9: US | E9: muzik.click() | F9: Crew | G9: ดำ
A10: 9 | B10: คอกลม | C10: 2XL | D10: A.SAKE | E10: CANET | F10: Coach | G10: ดำ
A11: 10 | B11: คอกลม | C11: 2XL | D11: JAZZ | E11: muzik.click() | F11: Crew | G11: ดำ
A12: 11 | B12: คอกลม | C12: 2XL | D12: GARFIELD | E12: muzik.scroll() | F12: Crew | G12: ดำ
A13: 12 | B13: คอกลม | C13: 2XL | D13: MINT | E13: muzik.scroll() | F13: Crew | G13: ดำ
... A19: 18 | B19: คอ V | C19: 2XL | D19: A.PLE | E19: muzik.scroll() | F19: Coach | G19: ดำ
A21: เรียงตามคอเสื้อ (คอกลมก่อน) แล้วตามไซซ์ S → 5XL · ทุกตัวเป็นแบบที่ 1 เสื้อดำ พร้อมคำโปรย ARS LONGA, ROBUSTA BREVIS · ข้อมูลจากฟอร์มโหวต (คอลัมน์ C, D, E, G, H)

Sheet สรุปไซซ์
A1: ไซซ์ | B1: รอบอก (นิ้ว) | C1: ยาว (นิ้ว) | D1: คอกลม | E1: คอ V | F1: รวม
A2: S | B2: 34 | C2: 25 | D2: =COUNTIFS('รายการสั่ง'!$C$2:$C$19,$A2,'รายการสั่ง'!$B$2:$B$19,"คอกลม") | E2: =COUNTIFS('รายการสั่ง'!$C$2:$C$19,$A2,'รายการสั่ง'!$B$2:$B$19,"คอ V") | F2: =D2+E2
A3: M | B3: 36 | C3: 27 | D3: =COUNTIFS('รายการสั่ง'!$C$2:$C$19,$A3,'รายการสั่ง'!$B$2:$B$19,"คอกลม") | E3: =COUNTIFS('รายการสั่ง'!$C$2:$C$19,$A3,'รายการสั่ง'!$B$2:$B$19,"คอ V") | F3: =D3+E3
A4: L | B4: 40 | C4: 29 | D4: =COUNTIFS('รายการสั่ง'!$C$2:$C$19,$A4,'รายการสั่ง'!$B$2:$B$19,"คอกลม") | E4: =COUNTIFS('รายการสั่ง'!$C$2:$C$19,$A4,'รายการสั่ง'!$B$2:$B$19,"คอ V") | F4: =D4+E4
A5: XL | B5: 44 | C5: 30 | D5: =COUNTIFS('รายการสั่ง'!$C$2:$C$19,$A5,'รายการสั่ง'!$B$2:$B$19,"คอกลม") | E5: =COUNTIFS('รายการสั่ง'!$C$2:$C$19,$A5,'รายการสั่ง'!$B$2:$B$19,"คอ V") | F5: =D5+E5
A6: 2XL | B6: 46 | C6: 31 | D6: =COUNTIFS('รายการสั่ง'!$C$2:$C$19,$A6,'รายการสั่ง'!$B$2:$B$19,"คอกลม") | E6: =COUNTIFS('รายการสั่ง'!$C$2:$C$19,$A6,'รายการสั่ง'!$B$2:$B$19,"คอ V") | F6: =D6+E6
A7: 3XL | B7: 50 | C7: 33 | D7: =COUNTIFS('รายการสั่ง'!$C$2:$C$19,$A7,'รายการสั่ง'!$B$2:$B$19,"คอกลม") | E7: =COUNTIFS('รายการสั่ง'!$C$2:$C$19,$A7,'รายการสั่ง'!$B$2:$B$19,"คอ V") | F7: =D7+E7
A8: 4XL | B8: 54 | C8: 34 | D8: =COUNTIFS('รายการสั่ง'!$C$2:$C$19,$A8,'รายการสั่ง'!$B$2:$B$19,"คอกลม") | E8: =COUNTIFS('รายการสั่ง'!$C$2:$C$19,$A8,'รายการสั่ง'!$B$2:$B$19,"คอ V") | F8: =D8+E8
A9: 5XL | B9: 60 | C9: 35 | D9: =COUNTIFS('รายการสั่ง'!$C$2:$C$19,$A9,'รายการสั่ง'!$B$2:$B$19,"คอกลม") | E9: =COUNTIFS('รายการสั่ง'!$C$2:$C$19,$A9,'รายการสั่ง'!$B$2:$B$19,"คอ V") | F9: =D9+E9
A10: รวม | D10: =SUM(D2:D9) | E10: =SUM(E2:E9) | F10: =SUM(F2:F9)
A12: รอบอกและความยาวจากตารางไซซ์ของร้าน (คลาดเคลื่อนได้ ±1 นิ้ว) · จำนวนนับจากแท็บ รายการสั่ง

Sheet แยกทีม
A1: ทีม | B1: S | C1: M | D1: L | E1: XL | F1: 2XL | G1: 3XL | H1: 4XL | I1: 5XL | J1: คอกลม | K1: คอ V | L1: รวม
A2: CANET | B2: =COUNTIFS('รายการสั่ง'!$E$2:$E$19,$A2,'รายการสั่ง'!$C$2:$C$19,"S") | C2: =COUNTIFS('รายการสั่ง'!$E$2:$E$19,$A2,'รายการสั่ง'!$C$2:$C$19,"M") | D2: =COUNTIFS('รายการสั่ง'!$E$2:$E$19,$A2,'รายการสั่ง'!$C$2:$C$19,"L") | E2: =COUNTIFS('รายการสั่ง'!$E$2:$E$19,$A2,'รายการสั่ง'!$C$2:$C$19,"XL") | F2: =COUNTIFS('รายการสั่ง'!$E$2:$E$19,$A2,'รายการสั่ง'!$C$2:$C$19,"2XL") | G2: =COUNTIFS('รายการสั่ง'!$E$2:$E$19,$A2,'รายการสั่ง'!$C$2:$C$19,"3XL") | H2: =COUNTIFS('รายการสั่ง'!$E$2:$E$19,$A2,'รายการสั่ง'!$C$2:$C$19,"4XL") | I2: =COUNTIFS('รายการสั่ง'!$E$2:$E$19,$A2,'รายการสั่ง'!$C$2:$C$19,"5XL") | J2: =COUNTIFS('รายการสั่ง'!$E$2:$E$19,$A2,'รายการสั่ง'!$B$2:$B$19,"คอกลม") | K2: =COUNTIFS('รายการสั่ง'!$E$2:$E$19,$A2,'รายการสั่ง'!$B$2:$B$19,"คอ V") | L2: =COUNTIFS('รายการสั่ง'!$E$2:$E$19,$A2)
A3: muzik.click() | B3: =COUNTIFS('รายการสั่ง'!$E$2:$E$19,$A3,'รายการสั่ง'!$C$2:$C$19,"S") | C3: =COUNTIFS('รายการสั่ง'!$E$2:$E$19,$A3,'รายการสั่ง'!$C$2:$C$19,"M") | D3: =COUNTIFS('รายการสั่ง'!$E$2:$E$19,$A3,'รายการสั่ง'!$C$2:$C$19,"L") | E3: =COUNTIFS('รายการสั่ง'!$E$2:$E$19,$A3,'รายการสั่ง'!$C$2:$C$19,"XL") | F3: =COUNTIFS('รายการสั่ง'!$E$2:$E$19,$A3,'รายการสั่ง'!$C$2:$C$19,"2XL") | G3: =COUNTIFS('รายการสั่ง'!$E$2:$E$19,$A3,'รายการสั่ง'!$C$2:$C$19,"3XL") | H3: =COUNTIFS('รายการสั่ง'!$E$2:$E$19,$A3,'รายการสั่ง'!$C$2:$C$19,"4XL") | I3: =COUNTIFS('รายการสั่ง'!$E$2:$E$19,$A3,'รายการสั่ง'!$C$2:$C$19,"5XL") | J3: =COUNTIFS('รายการสั่ง'!$E$2:$E$19,$A3,'รายการสั่ง'!$B$2:$B$19,"คอกลม") | K3: =COUNTIFS('รายการสั่ง'!$E$2:$E$19,$A3,'รายการสั่ง'!$B$2:$B$19,"คอ V") | L3: =COUNTIFS('รายการสั่ง'!$E$2:$E$19,$A3)
A4: muzik.scroll() | B4: =COUNTIFS('รายการสั่ง'!$E$2:$E$19,$A4,'รายการสั่ง'!$C$2:$C$19,"S") | C4: =COUNTIFS('รายการสั่ง'!$E$2:$E$19,$A4,'รายการสั่ง'!$C$2:$C$19,"M") | D4: =COUNTIFS('รายการสั่ง'!$E$2:$E$19,$A4,'รายการสั่ง'!$C$2:$C$19,"L") | E4: =COUNTIFS('รายการสั่ง'!$E$2:$E$19,$A4,'รายการสั่ง'!$C$2:$C$19,"XL") | F4: =COUNTIFS('รายการสั่ง'!$E$2:$E$19,$A4,'รายการสั่ง'!$C$2:$C$19,"2XL") | G4: =COUNTIFS('รายการสั่ง'!$E$2:$E$19,$A4,'รายการสั่ง'!$C$2:$C$19,"3XL") | H4: =COUNTIFS('รายการสั่ง'!$E$2:$E$19,$A4,'รายการสั่ง'!$C$2:$C$19,"4XL") | I4: =COUNTIFS('รายการสั่ง'!$E$2:$E$19,$A4,'รายการสั่ง'!$C$2:$C$19,"5XL") | J4: =COUNTIFS('รายการสั่ง'!$E$2:$E$19,$A4,'รายการสั่ง'!$B$2:$B$19,"คอกลม") | K4: =COUNTIFS('รายการสั่ง'!$E$2:$E$19,$A4,'รายการสั่ง'!$B$2:$B$19,"คอ V") | L4: =COUNTIFS('รายการสั่ง'!$E$2:$E$19,$A4)
A5: รวม | B5: =SUM(B2:B4) | C5: =SUM(C2:C4) | D5: =SUM(D2:D4) | E5: =SUM(E2:E4) | F5: =SUM(F2:F4) | G5: =SUM(G2:G4) | H5: =SUM(H2:H4) | I5: =SUM(I2:I4) | ... L5: =SUM(L2:L4)
